country,pop,continent,gdpPercap_1952,gdpPercap_1957,gdpPercap_1962,gdpPercap_1967,gdpPercap_1972,gdpPercap_1977,gdpPercap_1982,gdpPercap_1987,gdpPercap_1992,gdpPercap_1997,gdpPercap_2002,gdpPercap_2007,pop2007,lifeExp2007
Australia,20434176.0,Oceania,10039.59564,0.0,0.0,0.0,0.0,0.0,0.0,0.0,0.0,0.0,0.0,34435.367439999995,20434176.0,81.235
New Zealand,4115771.0,Oceania,10556.57566,0.0,0.0,0.0,0.0,0.0,0.0,0.0,0.0,0.0,0.0,25185.00911,4115771.0,80.204
